Most Common Words,Frequency

WEB Adress,https://www.fuckhead.at/
immer,6
Aufgespießt,5
Kapital,5
Kapitalismus,4
Dämonen,4
Grenzen,4
Himmel,3
Umverteilung,3
Eigentum,3
lässt,3

WEB Adress,http://www.interstellarrecords.at/index.php
freigeben,49
neu,46
Link,41
veröffentlicht,38
Aufzeichnungen,31
Album,29
interstellar,28
Interstellar,21
eine,21
TUMIDO,20

WEB Adress,https://kuprosauwald.org/
Gespeichert,10
Obernberg,9
Petra,8
Oktober,7
Kunsthaus,6
Burg,6
Esternberg,6
Sonntag,5
Helmut,5
Ausstellung,4

WEB Adress,https://röda.at/der-verein/
technische,7
Speicherung,6
Steyr,4
Kultur,4
Zweck,4
Zugriff,4
seit,3
Wehrgraben,3
Veranstaltungen,3
Kunst,3

WEB Adress,http://www.grgr.at/
Gregor,20
Göttfert,10
Arbeit,10
Veröffentlicht,10
Installation,6
Licht,6
Florian,4
Kofler,4
Elektromagnetismus,4
LeistungGregor,4

WEB Adress,https://www.grgr.at/aboutme/
Installation,10
Leistung,7
Interaktiv,7
halb,6
Ausstellung,6
Licht,5
Attersee,4
Linz,4
Universität,4
Art,4

WEB Adress,https://qujochoe.org/about/
Andreas,3
Ste­fan,3
Martin.,3
Quecke,3
Christine,3
Linz,2
Günther,2
Markus,2
Nina,2
The­re­sa,2

WEB Adress,https://verenamayrhofer.at/
Verena,3
Mayrhofer,3
Theme,2
Ansprechbar,1
Menuwork Kontakt,1
infoCV,1
objektWarum,1
Riss,1
Lächeln,1
Foto,1

WEB Adress,http://hoerstadt.at/uber-uns/
Peter,73
Androsch,66
Linz,62
Österreich,53
Hörstadt,35
Akustik,30
Stadt,27
Wien,26
Kirche,25
ÖGB,24

WEB Adress,https://www.schlot.info/
Kulturverein,2
Mailchimp,2
Hyperdog,1
Liebe,1
Kandare,1
Verlierer,1
Ozymandias,1
ChangoNEWS,1
BRIEFIhr,1
Name,1

WEB Adress,https://tinaleisch.at/index.php/tinaleisch/
Tina,3
LeischFilm,2
Text,2
Leisch,1
LeischTina,1
TheaterarbeiterinMenüSpringe,1
InhaltTina,1
Theaterarbeiterin,1
WienGestaltet,1
Theaterexperimente,1

WEB Adress,https://kunstraum.at/en/how-we-are/
Kunst,16
KunstRaum,15
Goethestraße,14
Linz,12
xtd,10
Raum,10
Arbeit,8
Räume,8
Projekte,7
Kultur,6

WEB Adress,https://kunstraum.at/wer-wir-sind/
Kunst,15
KunstRaum,13
Goethestraße,11
Linz,9
xtd,8
Raum,7
Blaimschein,6
Rathmayr,6
Ausstellungen,4
pro,4

WEB Adress,https://www.kuva.at/
Sprichcode,13
Februar,12
FOTO,9
Website,9
Galerie,8
Turm,7
Cookies,7
Michaela,6
Stadtmuseum,6
ANTON,6

WEB Adress,https://jmyyri.com/recliners
Screening,8
KUNST,6
Amsterdam,6
kuratiert,6
nur,6
anzeigen,6
NEVERNEVERLAND,6
Art,6
Fonds,6
Jaakko,4

WEB Adress,https://www.anna-kraher.de/#about
Anna,4
Kraher,3
Algorithmische,3
Justiz,3
Weltraum,3
Berlin,3
Arbeit,2
Künstliche,2
Geheimdienst,2
Biometrische Daten,2

