Website,Error
http://100-dakar.com,ConnectTimeout
http://aguadestund.at,ConnectionError
http://akku-steyr.com,ConnectTimeout
http://alteschule-gutau.at,ConnectTimeout
http://aminoreamore.com,ConnectTimeout
http://anna-fiala.at,ConnectTimeout
http://anna-kraher.de,ConnectTimeout
http://antonraidel.com,ConnectTimeout
http://apephonie.org,ConnectTimeout
http://apileofghosts.com,ConnectTimeout
http://apt.servus.at,ConnectTimeout
http://archivia.at,ConnectTimeout
http://backlab.at,ConnectTimeout
http://base.at,ConnectTimeout
http://bb15.at,ConnectTimeout
http://benjaminwahl.at,ConnectTimeout
http://beschallungsfrei.at,ConnectTimeout
http://birgit-wagner.net,ConnectTimeout
http://boxafilm.com,ConnectTimeout
http://cba.fro.at,ReadTimeout
http://cinemanext.at,ConnectTimeout
http://club.stwst.at,ConnectTimeout
http://corpushomini.info,ConnectTimeout
http://crowdundruam.at,ConnectTimeout
http://dana-rausch.com,ConnectTimeout
http://dan-tien.at,ConnectTimeout
http://dasholzhaus.at,ConnectTimeout
http://daumenkino.at,ConnectTimeout
http://deathpositiv.at,ConnectTimeout
http://derkaktus.at,ConnectTimeout
http://dh5.space,ConnectTimeout
http://diebresche.org,ConnectTimeout
http://diequote.at,ConnectTimeout
http://die-schule.at,ConnectTimeout
http://diesenreiter.at,ConnectTimeout
http://drdidi.at,ConnectTimeout
http://dunkelkammer.net,ConnectTimeout
http://eliot-works.at,ConnectTimeout
http://esslinger.servus.at,ConnectTimeout
http://extrabunt.at,ConnectTimeout
http://faces-l.net,ConnectTimeout
http://faxen-collective.net,ConnectTimeout
http://fdr.at,ConnectTimeout
http://feminismus-krawall.at,ConnectTimeout
http://finopoly.at,ConnectTimeout
http://frautomani.at,ConnectTimeout
http://freier-rundfunk.at,ConnectTimeout
http://frf.at,ConnectTimeout
http://fro.at,ReadTimeout
http://fruehling2012.servus.at,ConnectTimeout
http://fuckhead.at,ConnectTimeout
http://geraldkogler.com,ConnectTimeout
http://gfa.or.at,ConnectTimeout
http://grenzland-zeitgenossenschaft.org,ConnectionError
http://heartofnoise.at,ConnectTimeout
http://hoerstadt.at,ConnectTimeout
http://hungaromedia.at,ConnectTimeout
http://ingridschiller.at,ConnectTimeout
http://interregnum.live,ConnectTimeout
http://kolibri-schule.at,ConnectTimeout
http://kunstraum.at,ConnectTimeout
http://kupf.at,ConnectTimeout
http://landderfreienmedien.at,ConnectTimeout
http://landgaenge.eu,ConnectTimeout
http://lauthals.org,ConnectTimeout
http://leodressel.net,ConnectTimeout
http://liqua.net,ConnectTimeout
http://luckeneder-art.at,ConnectTimeout
http://lugl.at,ConnectTimeout
http://madeby.at,ConnectionError
http://magdalenareiter.at,ConnectTimeout
http://milchblut.at,ConnectTimeout
http://mute.audio,ConnectTimeout
http://muzak.timesup.org,ConnectionError
http://mzbaltazarslaboratory.org,ConnectTimeout
http://negentropy-sport.net,ConnectTimeout
http://paulovsky.org,ConnectTimeout
http://pena-flamenca.at,ConnectTimeout
http://peterandrosch.at,ConnectTimeout
http://petra.servus.at,ConnectTimeout
http://pflueckt.at,ConnectTimeout
http://phonography.art,ConnectTimeout
http://photosalonhelga.com,ConnectTimeout
http://piramidops.at,ConnectTimeout
http://potatopublishing.at,ConnectTimeout
http://programmkinowels.at,ConnectTimeout
http://publications.servus.at,SSLError
http://q-testsite.com,ConnectionError
http://quasikunst.at,ConnectTimeout
http://rabbitcontrol.cc,ConnectTimeout
http://radio-fri.at,ConnectTimeout
http://recordsdacubra.com,ConnectionError
http://regional-express.org,ConnectTimeout
http://reinhardreisenzahn.com,ConnectTimeout
http://remember-bruckner.com,ConnectTimeout
http://remorauscher.at,ConnectTimeout
http://research.radical-openness.org,ConnectTimeout
http://retrogoldmine.com,ConnectTimeout
http://ronit.at,ConnectTimeout
http://rtfm.computer,ConnectionError
http://sandrabirklbauer.com,ConnectTimeout
http://schager.servus.at,ConnectTimeout
http://schulradiotag.at,ConnectTimeout
http://sdmk.at,ConnectTimeout
http://sebastiansix.net,ConnectTimeout
http://sensenmaehen.at,ConnectionError
http://shiatsu-stef.at,ConnectTimeout
http://skodone.at,ConnectTimeout
http://sofiabraga.com,ConnectTimeout
http://sombrero.at,ConnectTimeout
http://soundinglinz.at,ConnectTimeout
http://stephanroiss.at,ConnectTimeout
http://syntaxmirror.at,ConnectTimeout
http://tabeacray.com,ConnectTimeout
http://tamaratrackt.at,ConnectTimeout
http://theaternacht.at,ConnectTimeout
http://theaternyx.at,ConnectTimeout
http://totalsilence.de,ConnectTimeout
http://transversal.wwb.cc,ConnectionError
http://tschneid.servus.at,ConnectTimeout
http://tschoerda.at,ConnectTimeout
http://unruly-thoughts.com,ConnectTimeout
http://unsustainabil.it,ConnectTimeout
http://velodrom-linz.at,ConnectTimeout
http://verein-ent.at,ConnectTimeout
http://verein-strandgut.at,ConnectTimeout
http://verenamayrhofer.at,ConnectTimeout
http://villanorth.at,ConnectTimeout
http://vladislavnazarov.com,ConnectTimeout
http://waldegg116.at,ConnectTimeout
http://wassermair.net,ConnectTimeout
http://werkenmitwiderstand.org,ConnectTimeout
http://wirtshauswissenschaften.at,ConnectTimeout
http://wohnzimmergalerie.net,ConnectTimeout
http://wolfgang-muellegger.at,ConnectTimeout
http://zapalotta.org,ConnectTimeout
http://zeitgenossenschaft.at,ConnectTimeout
http://zeugfaerberei.at,ConnectTimeout
